City_ID,City,Country,Lat,Lng,Max Temp,Humidity,Cloudiness,Wind Speed,Current Description
0,Nikolskoye,RU,59.7035,30.7861,62.8,96,15,5.66,few clouds
1,Bella Vista,US,36.4295,-94.2316,77.61,76,0,4.61,clear sky
2,Provideniya,RU,64.3833,-173.3,50.36,81,0,11.18,clear sky
3,Ushuaia,AR,-54.8,-68.3,37.06,81,75,8.05,light intensity drizzle
4,Goderich,CA,43.7501,-81.7165,63.91,92,50,8.37,scattered clouds
5,Mar Del Plata,AR,-38.0023,-57.5575,45.09,70,0,17.27,clear sky
6,San Carlos De Bariloche,AR,-41.1456,-71.3082,33.55,75,75,6.91,broken clouds
7,Sapa,PH,5.1544,120.3241,83.28,72,100,4.52,overcast clouds
8,Albany,US,42.6001,-73.9662,70.88,77,26,6.42,scattered clouds
9,Bambous Virieux,MU,-20.3428,57.7575,66.22,81,91,14.63,light rain
10,Iqaluit,CA,63.7506,-68.5145,51.53,87,100,5.75,overcast clouds
11,Diffa,NE,13.3154,12.6113,85.06,53,66,15.39,broken clouds
12,Hovd,MN,48.0056,91.6419,73.26,31,100,4.56,overcast clouds
13,Qaanaaq,GL,77.484,-69.3632,39.72,80,100,3.11,overcast clouds
14,Mataura,NZ,-46.1927,168.8643,44.47,98,100,7.65,light rain
15,Longyearbyen,SJ,78.2186,15.6401,46.24,93,75,4.61,broken clouds
16,Sinnamary,GF,5.3833,-52.95,78.08,84,91,5.37,overcast clouds
17,Koslan,RU,63.4564,48.8989,69.04,70,12,5.44,few clouds
18,Roald,NO,62.5833,6.1333,58.12,62,100,16.11,overcast clouds
19,Uri,IN,34.0833,74.0333,76.6,74,26,1.97,moderate rain
20,Charters Towers,AU,-20.1,146.2667,65.28,29,0,13.85,clear sky
21,Carnarvon,AU,-24.8667,113.6333,72.25,59,4,11.03,clear sky
22,Saldanha,ZA,-33.0117,17.9442,52.72,81,0,5.41,clear sky
23,Lebu,CL,-37.6167,-73.65,47.57,68,100,5.84,overcast clouds
24,Kapoeta,SS,4.7717,33.5903,75.24,50,75,15.84,broken clouds
25,Port Alfred,ZA,-33.5906,26.891,58.57,52,0,10.2,clear sky
26,Hithadhoo,MV,-0.6,73.0833,83.61,72,55,13.24,broken clouds
27,Hirara,JP,24.8,125.2833,85.42,72,97,5.21,overcast clouds
28,Sao Felix Do Xingu,BR,-6.6447,-51.995,78.93,50,94,2.06,overcast clouds
29,Punta Arenas,CL,-53.15,-70.9167,37.11,93,100,14.32,moderate rain
30,Barrow,US,71.2906,-156.7887,39.22,87,100,10.36,overcast clouds
31,Nhulunbuy,AU,-12.2333,136.7667,77.61,53,0,18.41,clear sky
32,Busselton,AU,-33.65,115.3333,59.29,65,7,9.46,clear sky
33,Georgetown,MY,5.4112,100.3354,82.89,87,20,0.0,few clouds
34,Puerto Ayora,EC,-0.7393,-90.3518,70.56,92,11,5.99,few clouds
35,Mehamn,NO,71.0357,27.8492,66.15,68,0,12.66,clear sky
36,Lavrentiya,RU,65.5833,-171.0,54.21,70,100,6.96,overcast clouds
37,Manaure,CO,11.7751,-72.4445,81.3,75,33,24.05,scattered clouds
38,Nizwa,OM,22.9333,57.5333,86.11,63,99,0.36,overcast clouds
39,Rikitea,PF,-23.1203,-134.9692,75.18,73,41,10.71,scattered clouds
40,Ambilobe,MG,-13.2,49.05,67.3,79,5,4.12,clear sky
41,Bredasdorp,ZA,-34.5322,20.0403,46.06,89,1,6.22,clear sky
42,Butaritari,KI,3.0707,172.7902,82.33,72,100,17.07,overcast clouds
43,Port-Gentil,GA,-0.7193,8.7815,72.34,83,97,11.05,overcast clouds
44,Narsaq,GL,60.9167,-46.05,46.62,81,12,1.19,few clouds
45,Orbetello,IT,42.4408,11.2196,70.2,74,1,4.68,clear sky
46,Lagoa,PT,39.05,-27.9833,68.77,93,100,9.48,overcast clouds
47,Kalmunai,LK,7.4167,81.8167,84.79,52,74,9.78,broken clouds
48,Atuona,PF,-9.8,-139.0333,78.01,79,23,20.0,few clouds
49,Hobyo,SO,5.3505,48.5268,75.79,71,41,18.59,scattered clouds
50,Cockburn Town,TC,21.4612,-71.1419,81.5,84,10,17.16,clear sky
51,Fairbanks,US,64.8378,-147.7164,78.93,41,40,5.75,smoke
52,Cabo San Lucas,MX,22.8909,-109.9124,83.61,68,0,10.94,clear sky
53,Christchurch,NZ,-43.5333,172.6333,59.2,55,100,8.05,overcast clouds
54,Alugan,PH,12.2188,125.4808,84.07,76,73,3.29,broken clouds
55,Torbay,CA,47.6666,-52.7314,56.26,92,4,9.48,clear sky
56,Matara,LK,5.9485,80.5353,82.22,73,78,14.25,broken clouds
57,Calvinia,ZA,-31.4707,19.776,44.37,54,0,3.24,clear sky
58,Ketchikan,US,55.3422,-131.6461,55.38,94,100,9.22,light rain
59,Khatanga,RU,71.9667,102.5,38.59,86,100,9.48,light rain
60,West Odessa,US,31.8424,-102.4988,89.01,42,56,15.86,broken clouds
61,Ancud,CL,-41.8697,-73.8203,40.23,76,55,7.96,light rain
62,Pevek,RU,69.7008,170.3133,34.09,95,100,15.3,overcast clouds
63,Vanimo,PG,-2.6741,141.3028,87.44,59,74,5.75,broken clouds
64,Olafsvik,IS,64.8945,-23.7142,46.89,71,24,7.83,few clouds
65,Tubuala,PA,9.5167,-79.0333,78.08,87,100,6.02,overcast clouds
66,Guerrero Negro,MX,27.9769,-114.0611,65.98,85,23,14.03,few clouds
67,Tasiilaq,GL,65.6145,-37.6368,41.16,81,99,4.92,overcast clouds
68,Sosva,RU,59.1766,61.8558,71.8,74,96,6.69,overcast clouds
69,Manavalakurichi,IN,8.1333,77.3,80.28,80,100,17.76,overcast clouds
70,Rimbey,CA,52.6334,-114.2353,68.27,82,0,9.8,clear sky
71,Timizart,DZ,36.8,4.2667,72.12,71,0,2.66,clear sky
72,Pucara,PE,-15.9803,-71.4606,36.23,40,15,0.65,few clouds
73,Ulladulla,AU,-35.35,150.4667,55.71,59,78,9.69,broken clouds
74,Severo-Kurilsk,RU,50.6789,156.125,56.14,90,66,1.39,broken clouds
75,Cidreira,BR,-30.1811,-50.2056,49.93,77,50,5.53,scattered clouds
76,Yellowknife,CA,62.456,-114.3525,70.32,52,75,4.61,broken clouds
77,Northam,GB,51.0333,-4.2167,63.61,93,49,5.44,scattered clouds
78,Teahupoo,PF,-17.8333,-149.2667,66.16,79,82,14.34,light rain
79,Gallup,US,35.5281,-108.7426,72.36,50,100,9.22,overcast clouds
80,Tuktoyaktuk,CA,69.4541,-133.0374,36.79,94,100,10.33,overcast clouds
81,Dikson,RU,73.5069,80.5464,40.14,84,13,3.27,few clouds
82,Codrington,AU,-38.2667,141.9667,54.7,59,20,12.46,few clouds
83,Kodiak,US,57.79,-152.4072,54.91,88,100,10.36,overcast clouds
84,Nantucket,US,41.2835,-70.0995,73.99,94,0,14.97,clear sky
85,Ribeira Grande,PT,38.5167,-28.7,70.05,92,95,8.41,overcast clouds
86,Taoudenni,ML,22.6783,-3.9836,98.49,18,70,6.67,broken clouds
87,Kapaa,US,22.0752,-159.319,84.18,77,40,16.11,scattered clouds
88,La Ronge,CA,55.1001,-105.2842,64.99,54,0,6.85,clear sky
89,Tiksi,RU,71.6872,128.8694,36.66,92,100,7.54,overcast clouds
90,Bluff,NZ,-46.6,168.3333,44.8,92,100,21.21,light rain
91,Klaksvik,FO,62.2266,-6.589,50.92,93,100,22.12,light rain
92,Upernavik,GL,72.7868,-56.1549,42.31,84,99,4.38,overcast clouds
93,Naze,JP,28.3667,129.4833,83.5,75,99,8.48,overcast clouds
94,Hobart,AU,-42.8794,147.3294,51.06,76,75,6.91,broken clouds
95,Abu Samrah,SY,35.3029,37.1841,71.96,71,0,8.14,clear sky
96,Kralendijk,BQ,12.15,-68.2667,82.38,83,82,16.11,broken clouds
97,Berlevag,NO,70.8578,29.0864,66.2,68,100,14.97,overcast clouds
98,Inongo,CD,-1.95,18.2667,69.1,57,44,4.9,scattered clouds
99,Shimoda,JP,34.6667,138.95,75.11,85,65,4.7,broken clouds
100,Clyde River,CA,70.4692,-68.5914,37.38,90,56,5.3,broken clouds
101,Ponta Do Sol,PT,32.6667,-17.1,67.71,67,30,3.98,scattered clouds
102,Fomboni,KM,-12.28,43.7425,77.38,73,45,18.88,scattered clouds
103,Vaini,TO,-21.2,-175.2,78.96,83,20,8.05,few clouds
104,Alofi,NU,-19.0595,-169.9187,78.69,78,75,14.97,broken clouds
105,Esperance,AU,-33.8667,121.9,61.03,47,0,10.6,clear sky
106,Jamestown,US,42.097,-79.2353,69.71,80,1,1.99,clear sky
107,Sampit,ID,-2.5333,112.95,84.81,73,50,2.35,light rain
108,Inhambane,MZ,-23.865,35.3833,66.61,75,0,4.81,clear sky
109,Omboue,GA,-1.5746,9.2618,70.43,89,80,4.97,broken clouds
110,Zhigansk,RU,66.7697,123.3711,69.46,56,31,8.1,scattered clouds
111,East London,ZA,-33.0153,27.9116,57.7,45,0,5.08,clear sky
112,Hermanus,ZA,-34.4187,19.2345,52.41,80,1,12.41,clear sky
113,Kruisfontein,ZA,-34.0033,24.7314,50.18,53,0,7.96,clear sky
114,Ust-Tsilma,RU,65.441,52.1498,75.27,59,3,4.12,clear sky
115,Burnie,AU,-41.0667,145.9167,55.92,50,8,0.89,clear sky
116,Paamiut,GL,61.994,-49.6678,41.9,92,89,12.19,overcast clouds
117,Kapit,MY,2.0167,112.9333,75.63,95,100,0.96,overcast clouds
118,Kaitangata,NZ,-46.2817,169.8464,42.78,96,100,14.41,moderate rain
119,Montgomery,US,39.1501,-77.1997,71.46,94,0,3.44,clear sky
120,Itaituba,BR,-4.2761,-55.9836,77.97,71,84,1.68,broken clouds
121,Portland,US,45.5234,-122.6762,82.22,54,20,14.97,few clouds
122,Lorengau,PG,-2.0226,147.2712,85.41,68,28,10.4,scattered clouds
123,Saint-Philippe,RE,-21.3585,55.7679,65.79,73,46,10.45,scattered clouds
124,Hilo,US,19.7297,-155.09,86.29,88,36,7.0,scattered clouds
125,Los Llanos De Aridane,ES,28.6585,-17.9182,65.95,83,40,8.05,scattered clouds
126,Kahului,US,20.8947,-156.47,84.22,74,40,21.85,scattered clouds
127,Henties Bay,NA,-22.116,14.2845,54.73,90,0,6.26,clear sky
128,Kavieng,PG,-2.5744,150.7967,84.92,68,28,9.53,scattered clouds
129,Fortuna,US,40.5982,-124.1573,59.86,86,87,3.0,overcast clouds
130,Saint-Augustin,CA,51.226,-58.6502,58.01,70,98,19.46,overcast clouds
131,Cape Town,ZA,-33.9258,18.4232,55.38,87,40,10.36,scattered clouds
132,Maceio,BR,-9.6658,-35.7353,72.84,94,75,5.75,broken clouds
133,Kavaratti,IN,10.5669,72.642,81.27,80,100,19.01,overcast clouds
134,General Pico,AR,-35.6566,-63.7568,48.65,33,100,16.28,overcast clouds
135,Disna,BY,55.568,28.1971,54.16,93,99,12.86,overcast clouds
136,Varhaug,NO,58.6147,5.6457,57.88,93,86,4.12,overcast clouds
137,Arraial Do Cabo,BR,-22.9661,-42.0278,70.65,89,29,19.44,scattered clouds
138,Homer,US,59.6425,-151.5483,62.04,67,100,4.0,overcast clouds
139,Marsabit,KE,2.3284,37.9899,57.67,75,38,16.22,scattered clouds
140,Challapata,BO,-18.9,-66.7667,39.07,26,3,1.57,clear sky
141,Ahipara,NZ,-35.1667,173.1667,59.67,78,100,13.31,overcast clouds
142,San Cristobal,VE,7.7669,-72.225,73.58,98,83,4.09,broken clouds
143,Shetpe,KZ,44.1667,52.1167,87.06,25,39,8.68,scattered clouds
144,San Juan,AR,-31.5375,-68.5364,47.8,29,0,2.21,clear sky
145,Bharatpur,IN,27.2167,77.4833,95.14,45,17,8.34,few clouds
146,San Jose,US,37.3394,-121.895,74.98,65,20,12.66,few clouds
147,Cherskiy,RU,68.75,161.3,60.35,58,51,15.77,broken clouds
148,Tulum,MX,20.2167,-87.4667,80.29,83,100,6.33,overcast clouds
149,Bengkulu,ID,-3.8004,102.2655,79.23,79,100,2.91,overcast clouds
150,Ulaanbaatar,MN,47.9077,106.8832,68.13,52,20,4.47,few clouds
151,Saskylakh,RU,71.9167,114.0833,53.24,47,98,13.6,overcast clouds
152,Arman,RU,59.7,150.1667,80.02,81,51,7.4,broken clouds
153,Asyut,EG,27.181,31.1837,76.89,62,3,16.58,clear sky
154,Rorvik,NO,64.8621,11.2373,54.73,86,96,10.96,overcast clouds
155,Castro,BR,-24.7911,-50.0119,49.68,88,12,3.67,few clouds
156,Avarua,CK,-21.2078,-159.775,77.05,73,75,11.5,broken clouds
157,Bethel,US,41.3712,-73.414,77.49,87,75,3.44,broken clouds
158,Mahebourg,MU,-20.4081,57.7,66.25,81,83,15.75,light rain
159,Killybegs,IE,54.6333,-8.45,54.01,80,93,10.22,overcast clouds
160,Constitucion,CL,-35.3333,-72.4167,50.09,84,51,6.71,broken clouds
161,Santa Fe,AR,-31.6333,-60.7,46.99,77,0,7.0,light rain
162,Rosendal,NO,59.9867,6.0135,57.52,87,80,0.54,broken clouds
163,Vila Velha,BR,-20.3297,-40.2925,70.95,84,85,9.55,overcast clouds
164,Helong,CN,42.5397,128.9972,77.11,67,96,5.75,overcast clouds
165,Dingle,PH,10.9995,122.6711,86.77,70,96,8.75,overcast clouds
166,Egvekinot,RU,66.3167,-179.1667,42.66,97,100,3.0,light rain
167,Katsuura,JP,35.1333,140.3,77.02,88,83,5.68,light rain
168,Amarwara,IN,22.3,79.1667,77.18,82,100,7.85,overcast clouds
169,Port Hardy,CA,50.6996,-127.4199,57.15,79,49,11.86,scattered clouds
170,Coihaique,CL,-45.5752,-72.0662,31.95,86,0,5.75,clear sky
171,Amga,RU,60.8953,131.9608,75.94,61,88,2.93,overcast clouds
172,La Primavera,CO,5.4906,-70.4092,74.1,94,88,7.63,overcast clouds
173,New Norfolk,AU,-42.7826,147.0587,49.71,61,19,2.93,few clouds
174,Chokurdakh,RU,70.6333,147.9167,52.54,71,100,7.76,overcast clouds
175,Ilebo,CD,-4.3167,20.5833,68.54,47,1,1.66,clear sky
176,Sao Joao Da Barra,BR,-21.6403,-41.0511,70.72,87,36,12.86,scattered clouds
177,Opuwo,NA,-18.0607,13.84,58.28,40,0,7.38,clear sky
178,Aleksandrovsk-Sakhalinskiy,RU,50.8975,142.1561,70.54,77,94,4.0,light rain
179,Tarata,BO,-17.6167,-66.0167,58.08,77,56,3.91,broken clouds
180,Laguna,US,38.421,-121.4238,88.43,46,0,10.36,clear sky
181,Naryan-Mar,RU,67.6713,53.087,71.64,69,35,5.88,scattered clouds
182,Dunedin,NZ,-45.8742,170.5036,43.27,95,100,21.63,light rain
183,Strezhevoy,RU,60.7333,77.5889,63.32,47,85,9.93,overcast clouds
184,San Quintin,MX,30.4833,-115.95,65.43,81,83,12.93,broken clouds
185,Bay Roberts,CA,47.5999,-53.2648,55.06,92,3,1.99,clear sky
186,Mount Gambier,AU,-37.8333,140.7667,53.2,62,78,4.85,broken clouds
187,Karwar,IN,14.8,74.1333,78.44,86,100,19.69,moderate rain
188,Beringovskiy,RU,63.05,179.3167,62.92,66,57,9.51,light rain
189,Saint-Joseph,RE,-21.3667,55.6167,64.78,72,26,11.56,scattered clouds
190,Petropavlovsk-Kamchatskiy,RU,53.0452,158.6483,68.59,73,0,17.9,clear sky
191,Turbat,PK,26.0023,63.044,84.45,80,57,4.65,broken clouds
192,Stromness,GB,58.965,-3.296,52.88,83,99,20.0,overcast clouds
193,Paoua,CF,7.2427,16.4406,69.03,82,100,2.26,overcast clouds
194,Corn Island,NI,12.1694,-83.0418,80.73,84,100,19.75,overcast clouds
195,Faanui,PF,-16.4833,-151.75,78.82,67,0,6.73,clear sky
196,Vostok,RU,46.4856,135.8833,76.6,65,60,0.96,broken clouds
197,Lasa,IT,46.6166,10.7002,57.36,62,12,3.56,few clouds
198,Chifeng,CN,42.2683,118.9636,90.07,32,16,7.9,few clouds
199,Lagos,NG,6.5833,3.75,74.39,91,97,4.38,light rain
200,Flinders,AU,-34.5833,150.8552,59.18,66,79,8.01,light rain
201,Sinop,TR,41.7711,34.8709,57.74,81,23,1.88,few clouds
202,Hasaki,JP,35.7333,140.8333,77.4,92,100,7.52,overcast clouds
203,Bolshoye Murashkino,RU,55.7826,44.7754,64.6,90,43,5.64,scattered clouds
204,Thompson,CA,55.7435,-97.8558,65.26,40,44,5.26,scattered clouds
205,Mandera,KE,3.9366,41.867,73.63,53,79,19.3,broken clouds
206,Ati,TD,13.2154,18.3353,79.93,68,99,14.74,overcast clouds
207,San Rafael,AR,-34.6177,-68.3301,47.25,37,0,9.37,clear sky
208,Kitchener,CA,43.4254,-80.5112,57.36,96,30,7.07,scattered clouds
209,Lazaro Cardenas,MX,17.9583,-102.2,80.73,81,61,6.22,broken clouds
210,Belmonte,BR,-15.8631,-38.8828,71.06,75,40,3.8,scattered clouds
211,Andenes,NO,69.3143,16.1194,59.94,88,75,8.05,drizzle
212,Bondoukou,CI,8.0333,-2.8,70.07,98,97,6.31,overcast clouds
213,Empalme,MX,27.9667,-110.8167,88.05,67,11,8.23,few clouds
214,Karratha,AU,-20.7377,116.8463,73.72,29,4,18.23,clear sky
215,Aragarcas,BR,-15.8975,-52.2508,67.05,55,30,2.55,scattered clouds
216,Singaraja,ID,-8.112,115.0882,83.23,69,51,2.89,broken clouds
217,Diego De Almagro,CL,-26.3667,-70.05,50.09,42,0,0.74,clear sky
218,Linden,GY,6.0,-58.3,72.77,99,49,2.3,scattered clouds
219,Coos Bay,US,43.3665,-124.2179,64.31,88,100,14.97,overcast clouds
220,Louis Trichardt,ZA,-23.0439,29.9032,51.6,90,1,4.25,clear sky
221,Poum,NC,-20.2333,164.0167,77.47,84,72,17.56,broken clouds
222,Pemangkat,ID,1.1667,108.9667,78.94,84,100,11.05,light rain
223,Coahuayana,MX,18.7333,-103.6833,78.76,86,69,2.19,broken clouds
224,Albert Lea,US,43.648,-93.3683,73.49,68,0,5.75,clear sky
225,Bathsheba,BB,13.2167,-59.5167,81.21,84,20,21.85,few clouds
226,Voitsberg,AT,47.0333,15.15,51.75,92,88,5.32,overcast clouds
227,Adelaide,AU,-34.9333,138.6,57.42,73,20,8.05,few clouds
228,Elko,US,41.0002,-115.5012,86.02,41,100,13.31,overcast clouds
229,Yerbogachen,RU,61.2767,108.0108,58.15,46,80,5.57,broken clouds
230,Hambantota,LK,6.1241,81.1185,82.74,78,20,10.36,few clouds
231,Chuy,UY,-33.6971,-53.4616,40.08,84,0,3.51,clear sky
232,Geraldton,AU,-28.7667,114.6,64.81,68,93,10.36,overcast clouds
233,Zorya,UA,45.9908,29.6967,58.87,54,2,7.18,clear sky
234,Mao,ES,39.8885,4.2658,70.36,88,0,0.0,clear sky
235,Lillooet,CA,50.6856,-121.942,78.42,41,1,8.46,clear sky
236,Peniche,PT,39.3558,-9.3811,74.44,69,93,2.08,overcast clouds
237,Dhidhdhoo,MV,6.8833,73.1,82.06,77,100,15.32,overcast clouds
238,Cabatuan,PH,10.8794,122.486,86.09,70,94,7.87,overcast clouds
239,Saint George,US,37.1041,-113.5841,100.99,17,0,26.46,clear sky
240,Kristiinankaupunki,FI,62.2743,21.376,59.13,75,76,3.13,broken clouds
241,Sanlucar La Mayor,ES,37.3871,-6.2011,79.77,41,31,8.01,scattered clouds
242,Suksun,RU,57.1431,57.3949,68.04,81,40,4.03,scattered clouds
243,Port Augusta,AU,-32.5,137.7667,57.42,55,100,11.3,overcast clouds
244,Ushtobe,KZ,45.2514,77.9838,78.21,36,100,15.19,overcast clouds
245,Iralaya,HN,15.0,-83.2333,79.5,88,20,12.88,few clouds
246,Pangnirtung,CA,66.1451,-65.7125,47.25,92,100,2.01,overcast clouds
247,Komsomolskiy,UZ,40.4272,71.7189,72.32,46,100,20.71,overcast clouds
248,Kolvereid,NO,64.8655,11.6047,53.11,90,100,5.88,overcast clouds
249,Ogaminana,NG,7.5946,6.2248,72.21,95,99,7.11,overcast clouds
250,Kaoma,ZM,-14.7833,24.8,48.85,70,0,5.66,clear sky
251,Corrales,US,35.2378,-106.6067,79.05,53,100,18.99,thunderstorm
252,Udachnyy,RU,66.4167,112.4,57.45,66,45,8.28,scattered clouds
253,Namibe,AO,-15.1961,12.1522,60.66,91,3,3.67,clear sky
254,Cape Canaveral,US,28.4058,-80.6048,85.06,78,20,8.05,few clouds
255,Tela,HN,15.7833,-87.45,78.15,91,84,6.69,broken clouds
256,Mambajao,PH,9.2504,124.7156,84.99,73,100,1.7,overcast clouds
257,Airai,TL,-8.9266,125.4092,67.37,54,82,3.62,broken clouds
258,Keetmanshoop,NA,-26.5833,18.1333,51.69,42,0,2.68,clear sky
259,Durres,AL,41.3231,19.4414,60.98,51,100,4.23,overcast clouds
260,Jalu,LY,29.0331,21.5482,74.84,66,3,6.2,clear sky
261,Bereda,ES,43.2686,-7.5406,69.42,71,22,0.85,few clouds
262,Hualmay,PE,-11.0964,-77.6139,60.57,83,3,9.4,clear sky
263,Portage,US,41.1667,-81.1998,72.01,78,0,0.0,clear sky
264,Kilindoni,TZ,-7.9139,39.6668,76.35,71,7,15.82,clear sky
265,Bogorodskoye,RU,56.55,37.8833,58.82,89,11,4.79,few clouds
266,Kamenka,RU,51.3223,42.7678,66.51,62,91,3.83,overcast clouds
267,Albina,SR,5.5,-54.05,72.7,98,90,2.06,overcast clouds
268,Mitsamiouli,KM,-11.3847,43.2844,76.57,75,63,13.24,light rain
269,Katete,UG,-0.7818,29.7544,62.37,66,63,4.07,broken clouds
270,Matagami,CA,49.7502,-77.6328,51.93,78,4,8.57,clear sky
271,Chiredzi,ZW,-21.05,31.6667,60.75,68,56,4.45,broken clouds
272,Riachao Das Neves,BR,-11.7461,-44.91,68.5,50,9,1.77,clear sky
273,Hohhot,CN,40.8106,111.6522,82.69,36,100,4.18,overcast clouds
274,Chapais,CA,49.7834,-74.8492,57.42,68,72,9.1,broken clouds
275,Anicuns,BR,-16.4611,-49.9617,64.76,47,24,4.25,few clouds
276,Ginir,ET,7.1333,40.7,53.58,81,81,9.86,broken clouds
277,Avanigadda,IN,16.0215,80.9181,79.39,71,100,14.29,overcast clouds
278,Diu,IN,20.7141,70.9822,81.43,83,99,19.51,light rain
279,Tuatapere,NZ,-46.1333,167.6833,43.63,95,100,10.4,moderate rain
280,Salinopolis,BR,-0.6136,-47.3561,77.29,87,54,7.85,broken clouds
281,Erdenet,MN,49.0333,104.0833,67.35,48,0,7.99,clear sky
282,Mucurapo,TT,10.6667,-61.5333,80.26,76,99,10.18,overcast clouds
283,Kenai,US,60.5544,-151.2583,62.69,76,100,6.91,overcast clouds
284,Sitka,US,57.0531,-135.33,55.29,82,100,4.61,overcast clouds
285,Mahina,PF,-17.5065,-149.489,71.37,94,100,5.75,light rain
286,Birin,NP,26.8865,88.0718,72.9,74,100,3.83,overcast clouds
287,Port Elizabeth,ZA,-33.918,25.5701,54.77,56,0,8.48,clear sky
288,Mayo,US,38.8876,-76.5119,73.94,92,0,3.44,clear sky
289,Whitehorse,CA,60.7161,-135.0538,47.01,93,100,8.99,overcast clouds
290,Qunduz,AF,36.729,68.857,86.86,18,0,2.55,clear sky
291,Claresholm,CA,50.0333,-113.5852,73.67,38,0,6.93,clear sky
292,Nara,JP,34.6851,135.8049,88.97,53,77,3.89,broken clouds
293,Yulara,AU,-25.2406,130.9889,58.19,35,0,14.63,clear sky
294,Damghan,IR,36.1683,54.348,76.23,29,0,1.63,clear sky
295,San Patricio,US,28.017,-97.5169,86.9,72,3,12.37,clear sky
296,Kawalu,ID,-7.3817,108.2082,81.55,76,99,2.24,overcast clouds
297,Anan,JP,33.9167,134.65,89.38,68,100,10.13,overcast clouds
298,Waingapu,ID,-9.6567,120.2641,81.0,55,72,16.22,broken clouds
299,Bilma,NE,18.6853,12.9164,88.52,16,74,17.9,broken clouds
300,Tura,IN,25.5198,90.2201,84.85,70,100,1.61,overcast clouds
301,San Policarpo,PH,12.1791,125.5072,84.15,75,79,3.22,broken clouds
302,Baruun-Urt,MN,46.6806,113.2792,67.12,61,72,14.0,broken clouds
303,Jumla,NP,29.2747,82.1838,64.2,96,98,1.92,overcast clouds
304,Mizdah,LY,31.4451,12.9801,67.19,75,0,8.61,clear sky
305,Fukue,JP,32.6881,128.8419,80.46,78,86,1.7,overcast clouds
306,Sulangan,PH,11.1373,123.7228,83.95,73,46,3.24,scattered clouds
307,Monte Azul,BR,-15.155,-42.8747,70.23,69,88,4.03,overcast clouds
308,Tilichiki,RU,60.4667,166.1,67.12,68,14,5.99,few clouds
309,Mbandaka,CD,0.0487,18.2603,71.02,68,100,4.07,overcast clouds
310,Rafaela,AR,-31.2503,-61.4867,43.99,53,0,5.01,clear sky
311,Aykhal,RU,66.0,111.5,54.41,65,34,11.74,scattered clouds
312,Broken Hill,AU,-31.95,141.4333,52.86,51,5,18.57,clear sky
313,Darlowo,PL,54.421,16.4107,63.37,87,26,12.15,scattered clouds
314,Doha,QA,25.2867,51.5333,94.98,53,0,9.22,clear sky
315,Acapulco,MX,16.8634,-99.8901,84.02,79,100,4.61,overcast clouds
316,Tessalit,ML,20.1986,1.0114,88.03,32,1,7.2,clear sky
317,Lensk,RU,60.7253,114.9278,65.84,56,71,6.13,broken clouds
318,Souillac,MU,-20.5167,57.5167,68.43,78,63,14.88,light rain
319,Kontagora,NG,10.3999,5.4695,72.68,94,100,4.63,overcast clouds
320,Burns Lake,CA,54.2331,-125.7533,58.21,49,96,9.78,overcast clouds
321,Rio Verde De Mato Grosso,BR,-18.9181,-54.8442,67.32,76,100,3.76,overcast clouds
322,Pandan,PH,14.0453,124.1694,86.94,69,99,3.38,overcast clouds
323,Maragogi,BR,-9.0122,-35.2225,74.28,89,25,6.62,scattered clouds
324,Ostrovnoy,RU,68.0531,39.5131,56.82,97,98,6.69,light rain
325,Akyab,MM,20.15,92.9,83.03,80,66,18.32,broken clouds
326,Leh,IN,34.1667,77.5833,62.87,52,6,7.63,clear sky
327,Larsnes,NO,62.2028,5.5773,57.79,72,97,13.2,light rain
328,Salalah,OM,17.0151,54.0924,77.09,94,100,6.91,overcast clouds
329,Lodwar,KE,3.1191,35.5973,74.89,57,72,16.35,broken clouds
330,Paracuru,BR,-3.41,-39.0306,80.11,87,10,9.24,clear sky
331,Barranca,PE,-10.75,-77.7667,60.51,82,2,8.1,clear sky
332,Baeza,ES,37.9938,-3.471,75.27,32,4,5.08,clear sky
333,Comodoro Rivadavia,AR,-45.8667,-67.5,37.26,65,0,3.44,clear sky
334,Westport,US,41.1415,-73.3579,78.75,88,0,4.61,clear sky
335,Solnechnyy,RU,50.7214,136.6319,69.49,89,97,3.06,overcast clouds
336,Aloleng,PH,16.1307,119.7824,83.05,79,100,12.75,overcast clouds
337,Yumen,CN,40.2833,97.2,85.86,18,9,11.61,clear sky
338,Loikaw,MM,19.6742,97.2094,74.55,84,96,3.44,overcast clouds
339,Aklavik,CA,68.2191,-135.0107,53.74,57,43,15.39,scattered clouds
340,Pinawa,CA,50.1489,-95.8811,59.58,94,6,3.98,clear sky
341,Padang,ID,-0.9492,100.3543,84.25,73,99,3.58,overcast clouds
342,Gamba,GA,-2.65,10.0,70.5,88,100,4.74,overcast clouds
343,Husavik,IS,66.0449,-17.3389,43.3,84,100,14.72,overcast clouds
344,Birnin Kebbi,NG,12.4539,4.1975,78.69,75,100,14.85,light rain
345,Crotone,IT,39.0851,17.1178,73.72,66,33,22.08,scattered clouds
346,Tongliao,CN,43.6125,122.2653,77.56,77,100,13.24,overcast clouds
347,Mongo,TD,12.1844,18.693,74.66,81,100,10.25,light rain
348,Taicheng,CN,38.731,113.228,80.89,60,1,3.33,clear sky
349,La Asuncion,VE,11.0333,-63.8628,78.64,89,76,12.75,broken clouds
350,Tautira,PF,-17.7333,-149.15,76.1,79,49,12.73,light rain
351,Noyabrsk,RU,63.1994,75.4507,59.47,48,0,6.8,clear sky
352,Norman Wells,CA,65.282,-126.8329,60.24,74,91,11.81,overcast clouds
353,Humaita,BR,-7.5061,-63.0208,72.59,95,70,2.3,broken clouds
354,Otavi,NA,-19.65,17.3333,55.17,43,0,8.12,clear sky
355,Ponnani,IN,10.767,75.9252,74.52,86,100,14.74,heavy intensity rain
356,Gwadar,PK,25.1216,62.3254,83.17,84,46,2.73,scattered clouds
357,Gazli,UZ,40.1333,63.45,87.06,22,0,10.85,clear sky
358,Santa Marta,CO,11.2408,-74.199,82.45,78,40,6.91,scattered clouds
359,Nioro,GM,13.35,-15.75,80.1,85,91,6.8,overcast clouds
360,Montes Claros,BR,-16.735,-43.8617,66.0,47,47,3.58,scattered clouds
361,Babushkin,RU,51.7122,105.8647,65.08,67,5,1.66,clear sky
362,Sur,OM,22.5667,59.5289,88.11,70,92,1.86,overcast clouds
363,Novyy Urengoy,RU,66.0833,76.6333,58.06,47,4,10.38,clear sky
364,Goiatuba,BR,-18.0125,-49.3547,66.43,41,61,7.0,broken clouds
365,Bud,US,39.447,-86.1758,75.22,73,0,6.38,clear sky
366,Christiana,ZA,-27.914,25.1611,46.53,40,0,5.06,clear sky
367,Sosenskiy,RU,54.059,35.9623,53.98,89,6,7.85,clear sky
368,That Phanom,TH,16.9364,104.7104,82.98,78,93,5.55,overcast clouds
369,Maku,IR,39.2911,44.4521,70.57,45,0,1.61,clear sky
370,Sarangani,PH,5.4033,125.4636,81.32,80,94,7.78,overcast clouds
371,Pingdu,CN,36.7844,119.9464,79.77,82,99,14.54,overcast clouds
372,Balkanabat,TM,39.5108,54.3671,90.32,24,0,8.3,clear sky
373,Nome,US,64.5011,-165.4064,66.16,52,48,13.2,scattered clouds
374,Maamba,ZM,-17.3667,27.15,56.28,61,45,2.01,scattered clouds
375,Praya,CV,14.9215,-23.5087,75.74,83,0,5.75,clear sky
376,Skala,PL,50.2305,19.8536,56.79,73,0,6.91,clear sky
377,Brazzaville,CG,-4.2658,15.2832,72.23,68,25,3.27,scattered clouds
378,Santa Maria,BR,-29.6842,-53.8069,43.65,88,0,2.53,clear sky
379,Keflavik,IS,64.0049,-22.5624,46.83,81,75,4.61,broken clouds
380,Nanortalik,GL,60.1432,-45.2371,41.63,91,6,9.19,clear sky
381,Deputatskiy,RU,69.3,139.9,63.36,54,75,11.7,broken clouds
382,Margate,GB,51.3813,1.3862,70.7,71,97,8.5,overcast clouds
383,Luderitz,NA,-26.6481,15.1594,55.22,62,0,12.75,clear sky
384,Horta,PT,38.5333,-28.6333,69.31,92,92,8.59,overcast clouds
385,Ostersund,SE,63.1792,14.6357,57.65,82,20,6.91,few clouds
386,Malia,GR,35.2833,25.4667,77.83,82,0,10.71,clear sky
387,Victoria,HK,22.2855,114.1577,91.26,70,67,8.01,broken clouds
388,Katobu,ID,-4.9408,122.5276,84.33,63,35,7.92,scattered clouds
389,Yarmouth,US,41.7057,-70.2286,74.14,89,100,16.11,overcast clouds
390,Pozoblanco,ES,38.3791,-4.8483,71.53,35,20,2.8,few clouds
391,Aranos,NA,-24.1333,19.1167,51.19,44,0,8.03,clear sky
392,Palmer,US,42.1584,-72.3287,72.21,87,75,0.0,broken clouds
393,Floro,NO,61.5996,5.0328,55.36,82,100,17.27,overcast clouds
394,Kirakira,SB,-10.4544,161.9205,83.53,61,24,8.61,few clouds
395,Ewo,CG,-0.8725,14.8206,77.76,51,98,6.44,overcast clouds
396,Ribeira Brava,PT,32.65,-17.0667,67.71,68,23,3.69,few clouds
397,Kurtalan,TR,37.9272,41.7028,77.92,17,0,1.88,clear sky
398,Lompoc,US,34.6391,-120.4579,66.02,84,100,11.01,overcast clouds
399,Karoi,ZW,-16.8099,29.6925,53.98,65,95,5.46,overcast clouds
400,Hami,CN,42.8,93.45,88.63,18,70,9.28,broken clouds
401,Nouadhibou,MR,20.931,-17.0347,68.27,83,17,19.73,few clouds
402,Santo Antonio Do Taua,BR,-1.1519,-48.1294,76.95,98,59,3.69,broken clouds
403,Kano,NG,12.0001,8.5167,76.03,70,100,12.3,light rain
404,Tiarei,PF,-17.5333,-149.3333,71.62,78,22,10.89,light rain
405,Atar,MR,20.5169,-13.0499,87.73,34,30,5.55,scattered clouds
406,Sobolevo,RU,54.4299,31.8996,54.1,83,100,15.86,overcast clouds
407,Sassandra,CI,4.95,-6.0833,74.08,87,100,6.11,overcast clouds
408,Fort Nelson,CA,58.8053,-122.7002,65.57,42,68,5.1,broken clouds
409,Plettenberg Bay,ZA,-34.0527,23.3716,53.53,59,0,5.41,clear sky
410,Lilongwe,MW,-13.9669,33.7873,57.67,70,50,4.94,scattered clouds
411,Beska,RS,45.1297,20.0661,58.75,63,36,7.45,scattered clouds
412,Manaus,BR,-3.1019,-60.025,82.89,78,0,4.61,clear sky
413,Khandyga,RU,62.6667,135.6,64.99,94,100,4.61,light rain
414,Cayenne,GF,4.9333,-52.3333,83.08,1,100,1.99,overcast clouds
415,Carora,VE,10.1755,-70.0827,76.42,63,88,10.65,overcast clouds
416,Cap Malheureux,MU,-19.9842,57.6142,66.47,76,71,1.01,light rain
417,Namatanai,PG,-3.6667,152.4333,84.18,71,32,8.52,scattered clouds
418,Mora,CM,11.0461,14.1401,77.34,66,100,4.27,overcast clouds
419,Pirapemas,BR,-3.7267,-44.2233,72.54,94,74,2.95,broken clouds
420,Great Yarmouth,GB,52.6083,1.7305,66.07,81,60,9.42,broken clouds
421,Wamba,NG,8.9333,8.6,71.78,99,100,5.61,moderate rain
422,Erenhot,CN,43.6475,111.9767,74.53,36,2,14.65,clear sky
423,Broome,US,42.2506,-75.833,70.68,79,0,4.61,clear sky
424,Fano,IT,43.8204,13.0121,70.99,91,8,0.92,clear sky
425,Visnes,NO,59.3556,5.2242,58.21,82,40,5.75,scattered clouds
426,Marzuq,YE,14.4,46.4667,75.27,44,93,2.48,overcast clouds
427,Buloh Kasap,MY,2.5536,102.764,81.66,73,100,3.0,overcast clouds
428,Alice Springs,AU,-23.7,133.8833,56.75,44,0,14.97,clear sky
429,Severnyy,RU,50.677,36.5532,59.04,72,0,2.24,clear sky
430,Rio Grande,BR,-32.035,-52.0986,37.94,81,2,7.0,clear sky
431,Craig,US,40.5153,-107.5464,74.82,32,0,0.0,clear sky
432,Grand Gaube,MU,-20.0064,57.6608,66.38,76,72,1.01,light rain
433,Cape Coast,GH,5.1053,-1.2466,74.39,84,100,9.42,overcast clouds
434,Touros,BR,-5.1989,-35.4608,74.75,88,5,10.74,clear sky
435,Sudak,UA,44.85,34.9667,67.77,60,0,4.12,clear sky
436,Balikpapan,ID,-1.2675,116.8289,79.79,89,40,8.05,light rain
437,Port Blair,IN,11.6667,92.75,82.9,80,100,20.02,overcast clouds
438,Manakara,MG,-22.1333,48.0167,61.99,93,8,4.45,clear sky
439,San Andres,CO,12.5847,-81.7006,82.42,83,75,9.22,broken clouds
440,Kungurtug,RU,50.5994,97.5228,73.94,36,85,0.29,overcast clouds
441,Havoysund,NO,70.9963,24.6622,64.63,70,57,12.3,broken clouds
442,Sao Caetano De Odivelas,BR,-0.75,-48.02,73.09,95,41,4.81,scattered clouds
443,Sumbawanga,TZ,-7.9667,31.6167,48.7,92,10,3.06,clear sky
444,Khokhlovo,RU,59.1492,37.3998,60.82,93,6,3.69,clear sky
445,Port Macquarie,AU,-31.4333,152.9167,58.75,61,37,15.32,scattered clouds
446,Tarauaca,BR,-8.1614,-70.7656,77.9,74,91,1.5,overcast clouds
447,Zhicheng,CN,30.2956,111.5047,96.42,54,92,4.54,overcast clouds
448,Serenje,ZM,-13.2325,30.2352,48.34,93,9,5.41,clear sky
449,Panaba,MX,21.2833,-88.2667,81.07,70,100,10.78,overcast clouds
450,Waipawa,NZ,-41.4122,175.5153,54.79,72,1,22.46,clear sky
451,Tezpur,IN,26.6333,92.8,86.09,80,100,3.87,overcast clouds
452,Balabac,PH,7.9868,117.0645,82.85,79,100,13.98,heavy intensity rain
453,Breukelen,NL,52.1742,5.0014,72.01,82,100,6.55,overcast clouds
454,Puerto Ayacucho,VE,5.6639,-67.6236,74.97,94,97,4.76,overcast clouds
455,Srednekolymsk,RU,67.45,153.6833,77.61,40,100,7.99,overcast clouds
456,Shache,CN,38.4167,77.2406,79.02,27,100,11.45,overcast clouds
457,Kostomuksha,RU,64.571,30.5767,64.26,95,15,5.73,few clouds
458,Nemuro,JP,43.3236,145.575,62.74,94,100,5.91,overcast clouds
459,Herat,AF,34.5,62.0,75.79,25,0,39.37,clear sky
460,Roma,US,43.2128,-75.4557,67.73,90,40,4.61,scattered clouds
461,Leningradskiy,RU,69.3833,178.4167,39.61,91,100,5.97,overcast clouds
462,Bouna,CI,9.2667,-3.0,71.26,92,70,6.4,broken clouds
463,Itoigawa,JP,37.0333,137.85,86.02,74,17,6.89,few clouds
464,Osmaniye,TR,37.0742,36.2478,74.21,90,31,0.13,scattered clouds
465,Butembo,CD,0.15,29.2833,58.95,80,93,2.91,overcast clouds
466,Xichang,CN,27.8964,102.2634,79.75,66,96,3.8,overcast clouds
467,Halifax,CA,44.6453,-63.5724,65.68,86,2,11.01,clear sky
468,Kropotkin,RU,45.4375,40.5756,67.93,81,97,2.33,light rain
469,Yeppoon,AU,-23.1333,150.7333,65.98,41,0,11.45,clear sky
470,Kalga,RU,50.9251,118.898,60.62,99,100,4.85,overcast clouds
471,Puerto Del Rosario,ES,28.5004,-13.8627,71.35,73,75,12.66,broken clouds
472,Marystown,CA,47.1666,-55.1483,59.86,100,85,1.01,overcast clouds
473,Chernyshevskiy,RU,63.0128,112.4714,58.8,45,94,5.68,overcast clouds
474,Ginda,IN,30.6945,78.4932,73.2,72,15,4.09,few clouds
475,Gunjur,GM,13.2019,-16.7339,80.67,89,40,6.91,light rain
476,Xining,CN,36.6167,101.7667,70.5,54,27,3.2,scattered clouds
477,Buala,SB,-8.145,159.5921,84.22,69,79,11.07,light rain
478,Vrangel,RU,42.7297,133.0839,68.52,85,98,9.37,overcast clouds
479,Nyurba,RU,63.2842,118.3319,74.07,58,61,4.27,broken clouds
480,Talnakh,RU,69.4865,88.3972,54.21,43,60,20.76,broken clouds
481,Richards Bay,ZA,-28.783,32.0377,62.62,93,1,8.19,clear sky
482,Nieves,PH,15.3274,120.9485,87.31,72,100,4.83,overcast clouds
483,Pisco,PE,-13.7,-76.2167,59.05,88,75,11.5,broken clouds
484,San Antonio,US,29.4241,-98.4936,97.25,42,0,16.11,clear sky
485,Grand Island,US,40.925,-98.342,79.09,67,0,6.91,clear sky
486,Manggar,ID,-2.8833,108.2667,81.1,79,100,1.43,moderate rain
487,Martapura,ID,-3.4167,114.85,75.29,88,75,11.5,broken clouds
488,Ninghai,CN,29.2892,121.4247,91.4,58,100,3.31,overcast clouds
489,Faya,SA,18.3851,42.4509,65.97,39,100,4.43,overcast clouds
490,Abonnema,NG,4.7084,6.7931,73.49,88,98,4.83,overcast clouds
491,Tambacounda,SN,13.7539,-13.7586,82.72,76,91,9.55,overcast clouds
492,Thurso,GB,58.5927,-3.5259,52.86,79,58,21.99,broken clouds
493,Maxixe,MZ,-23.8597,35.3472,65.17,78,0,3.83,clear sky
494,Utiel,ES,39.5667,-1.2,70.86,41,0,1.66,clear sky
495,Melun,FR,48.5,2.75,67.78,79,0,2.3,clear sky
496,Sao Geraldo Do Araguaia,BR,-6.4006,-48.555,79.79,47,92,1.23,overcast clouds
497,Algeciras,ES,36.1333,-5.4505,74.88,78,46,18.41,scattered clouds
498,Camopi,GF,3.1655,-52.3158,71.67,99,78,1.52,broken clouds
499,Sonoita,MX,31.85,-112.8333,88.09,44,92,11.68,overcast clouds
500,Pocatello,US,42.8713,-112.4455,84.11,25,0,9.22,clear sky
501,Chengde,CN,40.9725,117.9361,86.36,55,53,5.35,broken clouds
502,Tigil,RU,57.8,158.6667,80.82,38,21,12.46,few clouds
503,Verkhoyansk,RU,67.5447,133.385,71.85,50,0,12.84,clear sky
504,Sozimskiy,RU,59.7418,52.2482,68.16,91,100,2.91,overcast clouds
505,Namalenga,TZ,-10.95,39.1,58.87,94,3,0.38,clear sky
506,Bilibino,RU,68.0546,166.4372,68.45,53,33,8.1,scattered clouds
507,Tateyama,JP,34.9833,139.8667,77.09,85,79,3.91,broken clouds
508,La Macarena,CO,2.1837,-73.7849,71.46,97,58,1.99,broken clouds
509,Lappeenranta,FI,61.0587,28.1887,64.45,96,0,5.75,clear sky
510,Soria,ES,41.6667,-2.6667,66.52,46,6,2.73,clear sky
511,Uddevalla,SE,58.3478,11.9424,62.96,91,65,1.01,broken clouds
512,Ilulissat,GL,69.2167,-51.1,42.82,87,75,1.14,broken clouds
513,Kaseda,JP,31.4167,130.3167,83.05,81,100,8.34,overcast clouds
514,Korla,CN,41.7597,86.1469,82.02,19,8,14.47,clear sky
515,Palafrugell,ES,41.9174,3.1631,74.71,59,0,1.01,clear sky
516,Chapleau,CA,47.8405,-83.4034,55.04,73,100,4.34,overcast clouds
517,Medicine Hat,CA,50.0501,-110.6683,81.21,42,2,3.0,clear sky
518,Bad Sachsa,DE,51.595,10.5555,61.72,77,80,2.59,broken clouds
519,Coolum Beach,AU,-26.5333,153.1,64.11,59,0,15.37,clear sky
520,Asau,RO,46.4333,26.4,51.28,80,89,7.2,overcast clouds
521,Evensk,RU,61.95,159.2333,58.48,79,45,7.56,scattered clouds
522,Darfield,GB,53.5339,-1.376,63.84,85,10,6.87,clear sky
523,Sorland,NO,67.667,12.6934,53.46,86,60,20.65,broken clouds
524,Mvangue,CM,2.9667,11.5167,66.6,99,94,2.48,overcast clouds
525,Constantine,DZ,36.365,6.6147,72.81,49,0,2.3,clear sky
526,Vetralla,IT,42.3098,12.0784,69.26,77,5,3.67,clear sky
527,Pampa,US,35.5362,-100.9599,86.95,51,0,9.22,clear sky
528,Darab,IR,28.7519,54.5444,84.51,11,0,9.53,clear sky
529,Bastogne,BE,50.0035,5.7184,67.32,78,68,4.97,broken clouds
530,Kupang,ID,-10.1667,123.5833,80.53,53,27,14.14,scattered clouds
531,Germersheim,DE,49.2231,8.3639,66.18,63,14,1.99,few clouds
532,Rio Tuba,PH,8.5061,117.4317,81.99,81,67,12.15,light rain
533,Moyale,KE,3.5167,39.0584,59.72,78,10,5.7,clear sky
534,Kirkwood,US,38.5834,-90.4068,76.68,64,0,4.83,clear sky
535,Mount Isa,AU,-20.7333,139.5,64.17,24,1,12.66,clear sky
536,Acarau,BR,-2.8856,-40.12,77.85,86,12,14.32,few clouds
537,Sri Aman,MY,1.2376,111.4621,80.33,80,100,0.74,overcast clouds
538,Mahibadhoo,MV,3.7833,72.9667,81.7,72,47,9.08,scattered clouds
539,Magadan,RU,59.5667,150.8,79.54,81,68,8.77,broken clouds
540,Sisimiut,GL,66.9395,-53.6735,42.64,93,100,2.35,overcast clouds
541,Smithers,CA,54.7804,-127.1743,56.35,61,98,6.58,overcast clouds
542,Dauphin,CA,51.1494,-100.0502,63.41,82,0,1.12,clear sky
543,Pacasmayo,PE,-7.4006,-79.5714,61.05,88,10,9.26,clear sky
544,Araouane,ML,18.9048,-3.5265,93.22,28,6,7.7,clear sky
545,Wageningen,NL,51.9667,5.6667,70.95,77,100,4.61,overcast clouds
546,Locri,IT,38.2414,16.2623,73.31,74,3,10.56,clear sky
547,Kholm-Zhirkovskiy,RU,55.5189,33.4731,52.95,91,12,9.48,few clouds
548,Rundu,NA,-17.9333,19.7667,52.34,50,0,6.31,clear sky
549,Sungai Besar,MY,3.6746,100.9867,83.93,65,88,5.08,overcast clouds
550,Praia Da Vitoria,PT,38.7333,-27.0667,73.76,84,87,10.74,overcast clouds
551,Worland,US,44.0169,-107.9554,84.88,38,0,4.61,clear sky
552,Tizimin,MX,21.15,-88.15,80.47,72,100,8.72,overcast clouds
553,Rocha,UY,-34.4833,-54.3333,37.83,85,1,4.54,clear sky
554,Abha,SA,18.2164,42.5053,65.8,40,100,5.06,overcast clouds
555,Nichinan,JP,31.6,131.3667,86.29,70,99,3.13,overcast clouds
556,Maureni,RO,45.4039,21.5025,51.12,63,53,6.15,broken clouds
557,Nabire,ID,-3.3667,135.4833,84.88,69,38,4.43,scattered clouds
558,Raga,SS,8.4596,25.678,68.34,98,100,3.42,overcast clouds
559,Udomlya,RU,57.8794,34.9925,56.07,95,19,2.82,few clouds
560,Spornoye,RU,50.8448,37.2913,55.78,70,5,6.55,clear sky
561,Buluang,PH,13.3068,123.3425,85.66,74,85,5.73,overcast clouds
562,Agirish,RU,61.9247,63.0231,75.72,59,9,1.81,clear sky
563,Kalakamati,BW,-20.5929,27.3121,50.54,61,3,7.63,clear sky
564,Voyvozh,RU,62.892,54.9635,74.57,55,2,3.87,clear sky
565,Dodoma,TZ,-6.1722,35.7395,56.82,88,8,6.98,clear sky
566,Yashkul,RU,46.1711,45.3435,75.7,59,1,11.79,clear sky
567,Miri,MY,4.4148,114.0089,82.9,72,98,4.41,overcast clouds
568,Gat,IL,31.61,34.7642,74.39,100,0,1.01,clear sky
569,Barguzin,RU,53.6167,109.6167,74.1,46,7,5.48,clear sky
570,Ostrow Mazowiecka,PL,52.8024,21.8951,63.63,66,100,20.2,overcast clouds
571,Banamba,ML,13.55,-7.45,81.75,63,32,8.52,scattered clouds
572,Saint-Pierre,RE,-21.3393,55.4781,68.92,72,75,8.05,broken clouds
573,Trenggalek,ID,-8.05,111.7167,81.7,77,48,4.61,scattered clouds
574,Burgos,ES,42.3394,-3.7079,59.41,67,0,0.0,clear sky
575,Barabai,ID,-2.5833,115.3833,89.04,57,24,1.77,few clouds
576,Lac Du Bonnet,CA,50.2536,-96.0612,60.13,92,0,4.43,clear sky
577,Gasa,PS,31.5,34.4667,69.87,80,0,2.39,clear sky
578,Ayan,RU,56.45,138.1667,60.51,93,100,2.37,overcast clouds
579,Male,MV,4.1748,73.5089,81.73,73,30,10.76,scattered clouds
580,Panguna,PG,-6.3164,155.4848,77.54,78,76,1.74,light rain
581,Teya,RU,60.3778,92.6267,57.9,70,87,4.92,light rain
582,San Jeronimo,PE,-11.9472,-75.2829,46.45,84,25,2.66,scattered clouds
583,Hammerfest,NO,70.6634,23.6821,70.25,52,18,8.05,few clouds
584,Suamico,US,44.6319,-88.0393,68.88,91,0,0.0,clear sky
585,Stornoway,GB,58.2093,-6.3865,51.93,87,75,11.5,broken clouds
586,Iquitos,PE,-3.7481,-73.2472,75.24,94,75,2.3,broken clouds
587,Sept-Iles,CA,50.2001,-66.3821,59.52,99,100,2.3,fog
588,Chara,RU,56.9064,118.2631,68.32,64,96,3.06,light rain
589,Verkhnedneprovskiy,RU,54.9813,33.3457,53.1,90,6,11.68,clear sky
590,Sterlibashevo,RU,53.4376,55.2578,71.92,80,20,5.48,few clouds
591,Kemijarvi,FI,66.7131,27.4306,63.39,80,100,3.11,overcast clouds
592,Ust-Uda,RU,54.1742,103.0304,71.82,49,72,4.16,broken clouds
593,Grants Pass,US,42.439,-123.3284,90.91,48,0,8.05,clear sky
594,Mareeba,AU,-17.0,145.4333,75.43,51,62,1.81,broken clouds
595,Wahpeton,US,46.2652,-96.6059,71.62,60,0,5.75,clear sky
596,Menongue,AO,-14.6585,17.691,48.29,59,0,4.7,clear sky
597,Lexington,US,37.9887,-84.4777,74.52,68,0,0.0,clear sky
598,Coronado,US,32.6859,-117.1831,72.88,78,40,6.91,scattered clouds
599,Bairiki,KI,1.3292,172.9752,84.2,74,20,13.8,few clouds
600,Davila,PH,18.4726,120.5763,80.58,77,100,15.7,heavy intensity rain
601,Ilam,NP,26.9167,87.9167,78.67,74,100,3.67,overcast clouds
602,Puerto Leguizamo,CO,-0.1934,-74.7819,71.51,95,20,1.43,few clouds
603,La Rioja,ES,42.25,-2.5,60.58,46,0,6.22,clear sky
604,Crnomelj,SI,45.5711,15.1889,54.63,95,40,3.69,scattered clouds
605,Seminole,US,28.7086,-81.2081,85.37,83,20,8.05,few clouds
606,North Platte,US,41.1239,-100.7654,76.06,59,0,11.99,clear sky
607,Haines Junction,CA,60.7522,-137.5108,49.41,83,97,5.32,overcast clouds
608,Albania,AL,41.0,20.0,65.73,50,100,5.1,overcast clouds
609,Nelson Bay,AU,-32.7167,152.15,60.1,65,99,14.0,overcast clouds
610,Dakar,SN,14.6937,-17.4441,79.68,86,84,11.56,broken clouds
611,Bakel,SN,14.905,-12.4568,88.18,59,68,14.63,broken clouds
612,Wakkanai,JP,45.4094,141.6739,63.77,95,100,14.63,heavy intensity rain
613,Camabatela,AO,-8.1881,15.375,55.8,84,0,1.99,clear sky
614,Honningsvag,NO,70.9821,25.9704,64.15,68,20,8.05,few clouds
615,Tokur,RU,53.1333,132.9,78.49,35,100,4.45,overcast clouds
616,Blackwater,AU,-23.5833,148.8833,63.36,33,0,13.06,clear sky
617,Comonfort,MX,20.7167,-100.7667,68.13,47,99,6.53,overcast clouds
618,Port Hedland,AU,-20.3167,118.5667,77.05,20,9,17.27,clear sky
619,Benguela,AO,-12.5763,13.4055,66.78,89,0,3.2,clear sky
620,Terney,RU,45.0503,136.6092,67.44,88,100,6.04,overcast clouds
621,Atlantic City,US,39.3643,-74.4229,75.38,88,0,5.75,clear sky
622,Kiama,AU,-34.6833,150.8667,59.38,67,91,5.01,light rain
623,Preobrazheniye,RU,42.9019,133.9064,71.2,79,96,12.19,overcast clouds
624,Dzaoudzi,YT,-12.7887,45.2699,76.89,78,75,21.85,broken clouds
625,Ponta Delgada,PT,37.7333,-25.6667,72.5,83,75,9.22,broken clouds
626,Fethiye,TR,36.6217,29.1164,80.47,48,0,5.14,clear sky
627,Luwuk,ID,-0.9516,122.7875,81.23,82,93,6.26,overcast clouds
628,Anadyr,RU,64.75,177.4833,72.1,53,0,4.47,clear sky
629,Masindi,UG,1.6744,31.715,62.78,75,63,3.65,broken clouds
630,Danli,HN,14.0333,-86.5833,67.01,92,42,3.11,scattered clouds
631,Itoman,JP,26.1247,127.6694,89.98,74,20,5.75,few clouds
632,Muli,MV,2.9167,73.5667,82.06,73,83,8.39,broken clouds
633,Saint Anthony,US,45.0205,-93.218,67.93,90,75,8.05,broken clouds
634,Islahiye,TR,37.025,36.6306,69.85,90,14,6.02,few clouds
635,Nueve De Julio,AR,-35.4444,-60.8831,41.11,55,46,9.82,scattered clouds
636,Masallatah,LY,32.6167,14.0,70.56,70,0,7.27,clear sky
637,Shumikha,RU,55.2261,63.2961,68.07,73,92,2.55,overcast clouds
638,Kattivakkam,IN,13.2167,80.3167,84.29,59,100,20.07,overcast clouds
639,Uruzgan,AF,32.8333,66.0,80.31,13,0,3.76,clear sky
640,Digby,CA,44.6169,-65.7655,67.59,85,11,19.42,few clouds
641,Drayton Valley,CA,53.2168,-114.9854,69.91,82,0,9.69,clear sky
642,Garchitorena,PH,13.8804,123.6946,87.39,66,94,4.03,overcast clouds
643,Dibulla,CO,11.2725,-73.3091,78.66,83,55,14.12,broken clouds
644,Kushiro,JP,42.975,144.3747,67.77,92,100,5.1,overcast clouds
645,Hofn,IS,64.2539,-15.2082,49.78,67,100,11.54,overcast clouds
646,Brigantine,US,39.4101,-74.3646,75.4,90,0,5.75,clear sky
647,Sao Filipe,CV,14.8961,-24.4956,74.86,83,32,6.4,scattered clouds
648,Nuuk,GL,64.1835,-51.7216,39.81,100,75,6.91,mist
649,Baiyin,CN,36.5583,104.2081,76.21,45,76,3.0,broken clouds
650,Aksu,CN,41.1231,80.2644,79.75,26,0,3.04,clear sky
651,Williams Lake,CA,52.1415,-122.1445,58.57,94,75,6.91,broken clouds
652,Kambove,CD,-10.8764,26.5969,51.78,72,3,5.77,clear sky
653,Sambava,MG,-14.2667,50.1667,69.71,88,98,11.61,light rain
654,Aquin,HT,18.2833,-73.4,79.2,84,0,3.67,clear sky
655,Saint-Quentin,FR,49.8333,3.3333,66.29,44,88,5.88,overcast clouds
656,Svolvaer,NO,68.2342,14.5683,58.5,98,100,7.87,overcast clouds
657,Kirovo-Chepetsk,RU,58.5539,50.0399,69.12,92,71,5.79,broken clouds
658,Boajibu,SL,8.1833,-11.3333,72.09,100,95,1.23,overcast clouds
659,Porto San Giorgio,IT,43.1827,13.7934,68.99,93,2,5.03,clear sky
660,Adre,TD,13.4667,22.2,75.0,78,97,8.16,overcast clouds
661,Marawi,PH,7.9986,124.2928,78.04,80,58,3.47,broken clouds
662,Estelle,US,29.8458,-90.1067,81.0,81,75,0.0,broken clouds
663,Catu,BR,-12.3531,-38.3789,68.83,98,64,2.3,broken clouds
664,Rio Gallegos,AR,-51.6226,-69.2181,28.45,86,100,8.05,overcast clouds
665,Gawler,AU,-34.6,138.7333,57.47,77,50,7.16,scattered clouds
666,Namwala,ZM,-15.7504,26.4384,55.96,61,5,5.55,clear sky
667,Kieta,PG,-6.2167,155.6333,83.7,75,58,7.14,light rain
668,Farafangana,MG,-22.8167,47.8333,63.45,93,19,4.88,few clouds
669,Muros,ES,42.7762,-9.0603,70.84,81,40,7.85,scattered clouds
670,Havre-Saint-Pierre,CA,50.2334,-63.5986,59.67,90,100,21.36,overcast clouds
671,Saint-Louis,SN,16.3333,-15.0,77.0,74,100,16.6,overcast clouds
672,Wilmington Island,US,32.0036,-80.9737,82.98,61,0,5.75,clear sky
673,Baie-Comeau,CA,49.2168,-68.1489,55.08,100,100,10.36,mist
674,Dovers,VC,12.8833,-61.1833,80.22,83,100,20.04,overcast clouds
675,Vallenar,CL,-28.5708,-70.7581,59.32,36,0,4.63,clear sky
676,Novikovo,RU,51.1537,37.8879,57.31,73,5,5.79,clear sky
677,Konya,TR,38.1667,32.5,60.28,55,0,4.81,clear sky
